INSERT INTO `categorias`(`CategoriaId`, `Nome`) VALUES ('1', 'Computação');
INSERT INTO `categorias`(`CategoriaId`, `Nome`) VALUES ('2', 'Medicina');

INSERT INTO `areas` (`AreaId`, `Nome`, `CategoriaId`) VALUES ('1', 'Engenharia de Software', '1');
INSERT INTO `areas` (`AreaId`, `Nome`, `CategoriaId`) VALUES ('2', 'Linguagens Programação', '1');
INSERT INTO `areas` (`AreaId`, `Nome`, `CategoriaId`) VALUES ('3', 'Veterianaria', '2');
INSERT INTO `areas` (`AreaId`, `Nome`, `CategoriaId`) VALUES ('4', 'Eletrocardiografia', '2');


INSERT INTO `conferencias` (`ConfereciasId`, `Nome`, `DataIni`, `DataFim`, `Local`, `CategoriaId`, `AreaId`) VALUES ('1', 'SBES', '2015-08-05', '2015-08-08', 'Alagoas', '1', '1');
INSERT INTO `conferencias` (`ConfereciasId`, `Nome`, `DataIni`, `DataFim`, `Local`, `CategoriaId`, `AreaId`) VALUES ('2', 'SBQS', '2015-09-05', '2015-09-08', 'Manaus', '1', '1');
INSERT INTO `conferencias` (`ConfereciasId`, `Nome`, `DataIni`, `DataFim`, `Local`, `CategoriaId`, `AreaId`) VALUES ('3', 'SBPL', '2015-10-05', '2015-10-08', 'Alagoas', '1', '2');
INSERT INTO `conferencias` (`ConfereciasId`, `Nome`, `DataIni`, `DataFim`, `Local`, `CategoriaId`, `AreaId`) VALUES ('4', 'ICE', '2015-11-05', '2015-11-08', 'Comandatuba', '2', '4');
INSERT INTO `conferencias` (`ConfereciasId`, `Nome`, `DataIni`, `DataFim`, `Local`, `CategoriaId`, `AreaId`) VALUES ('5', 'ICMV', '2015-12-05', '2015-12-08', 'Belo Horizonte', '2', '3');
INSERT INTO `conferencias` (`ConfereciasId`, `Nome`, `DataIni`, `DataFim`, `Local`, `CategoriaId`, `AreaId`) VALUES ('6', 'XLV DSN', '2015-09-05', '2015-09-08', 'Manaus', '1', '1');
INSERT INTO `conferencias` (`ConfereciasId`, `Nome`, `DataIni`, `DataFim`, `Local`, `CategoriaId`, `AreaId`) VALUES ('7', 'II ELA-ES', '2015-09-05', '2015-09-08', 'Manaus', '1', '1');
INSERT INTO `conferencias` (`ConfereciasId`, `Nome`, `DataIni`, `DataFim`, `Local`, `CategoriaId`, `AreaId`) VALUES ('8', 'WVI WSL', '2015-09-05', '2015-09-08', 'Manaus', '1', '1');
INSERT INTO `conferencias` (`ConfereciasId`, `Nome`, `DataIni`, `DataFim`, `Local`, `CategoriaId`, `AreaId`) VALUES ('9', 'CSBC 2015', '2015-09-05', '2015-09-08', 'Manaus', '1', '1');
INSERT INTO `conferencias` (`ConfereciasId`, `Nome`, `DataIni`, `DataFim`, `Local`, `CategoriaId`, `AreaId`) VALUES ('10', 'VI ISSISP', '2015-09-05', '2015-09-08', 'Manaus', '1', '1');
INSERT INTO `conferencias` (`ConfereciasId`, `Nome`, `DataIni`, `DataFim`, `Local`, `CategoriaId`, `AreaId`) VALUES ('11', 'XIV SBQS', '2015-09-05', '2015-09-08', 'Manaus', '1', '1');
INSERT INTO `conferencias` (`ConfereciasId`, `Nome`, `DataIni`, `DataFim`, `Local`, `CategoriaId`, `AreaId`) VALUES ('12', 'I ERAD-RJJ', '2015-09-05', '2015-09-08', 'Manaus', '1', '1');
INSERT INTO `conferencias` (`ConfereciasId`, `Nome`, `DataIni`, `DataFim`, `Local`, `CategoriaId`, `AreaId`) VALUES ('13', 'BRASERO', '2015-09-05', '2015-09-08', 'Manaus', '1', '1');
INSERT INTO `conferencias` (`ConfereciasId`, `Nome`, `DataIni`, `DataFim`, `Local`, `CategoriaId`, `AreaId`) VALUES ('14', 'II CARLA', '2015-09-05', '2015-09-08', 'Manaus', '1', '1');
INSERT INTO `conferencias` (`ConfereciasId`, `Nome`, `DataIni`, `DataFim`, `Local`, `CategoriaId`, `AreaId`) VALUES ('15', 'XXVIII SIBGRAP', '2015-09-05', '2015-09-08', 'Manaus', '1', '1');
INSERT INTO `conferencias` (`ConfereciasId`, `Nome`, `DataIni`, `DataFim`, `Local`, `CategoriaId`, `AreaId`) VALUES ('16', 'IV ENCOSIS', '2015-09-05', '2015-09-08', 'Manaus', '1', '1');
INSERT INTO `conferencias` (`ConfereciasId`, `Nome`, `DataIni`, `DataFim`, `Local`, `CategoriaId`, `AreaId`) VALUES ('17', 'VI CBSoft', '2015-09-05', '2015-09-08', 'Manaus', '1', '1');
INSERT INTO `conferencias` (`ConfereciasId`, `Nome`, `DataIni`, `DataFim`, `Local`, `CategoriaId`, `AreaId`) VALUES ('18', 'VIII LANOMS', '2015-09-05', '2015-09-08', 'Manaus', '1', '1');
INSERT INTO `conferencias` (`ConfereciasId`, `Nome`, `DataIni`, `DataFim`, `Local`, `CategoriaId`, `AreaId`) VALUES ('19', 'XXX SBBD', '2015-09-05', '2015-09-08', 'Manaus', '1', '1');
INSERT INTO `conferencias` (`ConfereciasId`, `Nome`, `DataIni`, `DataFim`, `Local`, `CategoriaId`, `AreaId`) VALUES ('20', 'XXVII SBAC-PAD 2015', '2015-09-05', '2015-09-08', 'Manaus', '1', '1');
INSERT INTO `conferencias` (`ConfereciasId`, `Nome`, `DataIni`, `DataFim`, `Local`, `CategoriaId`, `AreaId`) VALUES ('21', 'II SIMPINF', '2015-09-05', '2015-09-08', 'Manaus', '1', '1');
INSERT INTO `conferencias` (`ConfereciasId`, `Nome`, `DataIni`, `DataFim`, `Local`, `CategoriaId`, `AreaId`) VALUES ('22', 'XIII SIRC', '2015-09-05', '2015-09-08', 'Manaus', '1', '1');
INSERT INTO `conferencias` (`ConfereciasId`, `Nome`, `DataIni`, `DataFim`, `Local`, `CategoriaId`, `AreaId`) VALUES ('23', 'X SBIAGRO', '2015-09-05', '2015-09-08', 'Manaus', '1', '1');
INSERT INTO `conferencias` (`ConfereciasId`, `Nome`, `DataIni`, `DataFim`, `Local`, `CategoriaId`, `AreaId`) VALUES ('24', 'VI AGIILE BRAZIL', '2015-09-05', '2015-09-08', 'Manaus', '1', '1');
INSERT INTO `conferencias` (`ConfereciasId`, `Nome`, `DataIni`, `DataFim`, `Local`, `CategoriaId`, `AreaId`) VALUES ('25', 'IV CBIE', '2015-09-05', '2015-09-08', 'Manaus', '1', '1');
INSERT INTO `conferencias` (`ConfereciasId`, `Nome`, `DataIni`, `DataFim`, `Local`, `CategoriaId`, `AreaId`) VALUES ('26', 'III SBR - XII LARS', '2015-09-05', '2015-09-08', 'Manaus', '1', '1');
INSERT INTO `conferencias` (`ConfereciasId`, `Nome`, `DataIni`, `DataFim`, `Local`, `CategoriaId`, `AreaId`) VALUES ('27', 'IV BRACIS+STIL+ENIAC', '2015-09-05', '2015-09-08', 'Manaus', '1', '1');
INSERT INTO `conferencias` (`ConfereciasId`, `Nome`, `DataIni`, `DataFim`, `Local`, `CategoriaId`, `AreaId`) VALUES ('28', 'V  SBESC', '2015-09-05', '2015-09-08', 'Manaus', '1', '1');
INSERT INTO `conferencias` (`ConfereciasId`, `Nome`, `DataIni`, `DataFim`, `Local`, `CategoriaId`, `AreaId`) VALUES ('29', 'XIV IHC - XII SBSC', '2015-09-05', '2015-09-08', 'Manaus', '1', '1');
INSERT INTO `conferencias` (`ConfereciasId`, `Nome`, `DataIni`, `DataFim`, `Local`, `CategoriaId`, `AreaId`) VALUES ('30', 'XIII SBSeg', '2015-09-05', '2015-09-08', 'Manaus', '1', '1');
INSERT INTO `conferencias` (`ConfereciasId`, `Nome`, `DataIni`, `DataFim`, `Local`, `CategoriaId`, `AreaId`) VALUES ('31', 'XIV SBGames', '2015-09-05', '2015-09-08', 'Manaus', '1', '1');
INSERT INTO `conferencias` (`ConfereciasId`, `Nome`, `DataIni`, `DataFim`, `Local`, `CategoriaId`, `AreaId`) VALUES ('32', 'XXII EPFIPP', '2015-09-05', '2015-09-08', 'Manaus', '1', '1');
INSERT INTO `conferencias` (`ConfereciasId`, `Nome`, `DataIni`, `DataFim`, `Local`, `CategoriaId`, `AreaId`) VALUES ('33', '3DIM', '2015-09-05', '2015-09-08', 'Manaus', '1', '1');
INSERT INTO `conferencias` (`ConfereciasId`, `Nome`, `DataIni`, `DataFim`, `Local`, `CategoriaId`, `AreaId`) VALUES ('34', '3DUE', '2015-09-05', '2015-09-08', 'Manaus', '1', '1');
INSERT INTO `conferencias` (`ConfereciasId`, `Nome`, `DataIni`, `DataFim`, `Local`, `CategoriaId`, `AreaId`) VALUES ('35', '3PGCIC', '2015-09-05', '2015-09-08', 'Manaus', '1', '1');
INSERT INTO `conferencias` (`ConfereciasId`, `Nome`, `DataIni`, `DataFim`, `Local`, `CategoriaId`, `AreaId`) VALUES ('36', 'AAAI', '2015-09-05', '2015-09-08', 'Manaus', '1', '1');
INSERT INTO `conferencias` (`ConfereciasId`, `Nome`, `DataIni`, `DataFim`, `Local`, `CategoriaId`, `AreaId`) VALUES ('37', 'AAECC', '2015-09-05', '2015-09-08', 'Manaus', '1', '1');
INSERT INTO `conferencias` (`ConfereciasId`, `Nome`, `DataIni`, `DataFim`, `Local`, `CategoriaId`, `AreaId`) VALUES ('38', 'AAIM', '2015-09-05', '2015-09-08', 'Manaus', '1', '1');
INSERT INTO `conferencias` (`ConfereciasId`, `Nome`, `DataIni`, `DataFim`, `Local`, `CategoriaId`, `AreaId`) VALUES ('39', 'AAIP', '2015-09-05', '2015-09-08', 'Manaus', '1', '1');
INSERT INTO `conferencias` (`ConfereciasId`, `Nome`, `DataIni`, `DataFim`, `Local`, `CategoriaId`, `AreaId`) VALUES ('40', 'AAMAS', '2015-09-05', '2015-09-08', 'Manaus', '1', '1');
INSERT INTO `conferencias` (`ConfereciasId`, `Nome`, `DataIni`, `DataFim`, `Local`, `CategoriaId`, `AreaId`) VALUES ('41', 'ABIALS', '2015-09-05', '2015-09-08', 'Manaus', '1', '1');
INSERT INTO `conferencias` (`ConfereciasId`, `Nome`, `DataIni`, `DataFim`, `Local`, `CategoriaId`, `AreaId`) VALUES ('42', 'ABS', '2015-09-05', '2015-09-08', 'Manaus', '1', '1');
INSERT INTO `conferencias` (`ConfereciasId`, `Nome`, `DataIni`, `DataFim`, `Local`, `CategoriaId`, `AreaId`) VALUES ('43', 'ABZ', '2015-09-05', '2015-09-08', 'Manaus', '1', '1');
INSERT INTO `conferencias` (`ConfereciasId`, `Nome`, `DataIni`, `DataFim`, `Local`, `CategoriaId`, `AreaId`) VALUES ('44', 'AC', '2015-09-05', '2015-09-08', 'Manaus', '1', '1');
INSERT INTO `conferencias` (`ConfereciasId`, `Nome`, `DataIni`, `DataFim`, `Local`, `CategoriaId`, `AreaId`) VALUES ('45', 'ACC', '2015-09-05', '2015-09-08', 'Manaus', '1', '1');
INSERT INTO `conferencias` (`ConfereciasId`, `Nome`, `DataIni`, `DataFim`, `Local`, `CategoriaId`, `AreaId`) VALUES ('46', 'ACE', '2015-09-05', '2015-09-08', 'Manaus', '1', '1');
INSERT INTO `conferencias` (`ConfereciasId`, `Nome`, `DataIni`, `DataFim`, `Local`, `CategoriaId`, `AreaId`) VALUES ('47', 'ACHI', '2015-09-05', '2015-09-08', 'Manaus', '1', '1');
INSERT INTO `conferencias` (`ConfereciasId`, `Nome`, `DataIni`, `DataFim`, `Local`, `CategoriaId`, `AreaId`) VALUES ('48', 'ACID', '2015-09-05', '2015-09-08', 'Manaus', '1', '1');
INSERT INTO `conferencias` (`ConfereciasId`, `Nome`, `DataIni`, `DataFim`, `Local`, `CategoriaId`, `AreaId`) VALUES ('49', 'ACII', '2015-09-05', '2015-09-08', 'Manaus', '1', '1');
INSERT INTO `conferencias` (`ConfereciasId`, `Nome`, `DataIni`, `DataFim`, `Local`, `CategoriaId`, `AreaId`) VALUES ('50', 'ACIIDS', '2015-09-05', '2015-09-08', 'Manaus', '1', '1');
INSERT INTO `conferencias` (`ConfereciasId`, `Nome`, `DataIni`, `DataFim`, `Local`, `CategoriaId`, `AreaId`) VALUES ('51', 'ACMC', '2015-10-05', '2015-10-08', 'Alagoas', '1', '2');
INSERT INTO `conferencias` (`ConfereciasId`, `Nome`, `DataIni`, `DataFim`, `Local`, `CategoriaId`, `AreaId`) VALUES ('52', 'ACNS', '2015-10-05', '2015-10-08', 'Alagoas', '1', '2');
INSERT INTO `conferencias` (`ConfereciasId`, `Nome`, `DataIni`, `DataFim`, `Local`, `CategoriaId`, `AreaId`) VALUES ('53', 'ACON', '2015-10-05', '2015-10-08', 'Alagoas', '1', '2');
INSERT INTO `conferencias` (`ConfereciasId`, `Nome`, `DataIni`, `DataFim`, `Local`, `CategoriaId`, `AreaId`) VALUES ('54', 'ACRI', '2015-10-05', '2015-10-08', 'Alagoas', '1', '2');
INSERT INTO `conferencias` (`ConfereciasId`, `Nome`, `DataIni`, `DataFim`, `Local`, `CategoriaId`, `AreaId`) VALUES ('55', 'ACSAC', '2015-10-05', '2015-10-08', 'Alagoas', '1', '2');
INSERT INTO `conferencias` (`ConfereciasId`, `Nome`, `DataIni`, `DataFim`, `Local`, `CategoriaId`, `AreaId`) VALUES ('56', 'ACSD', '2015-10-05', '2015-10-08', 'Alagoas', '1', '2');
INSERT INTO `conferencias` (`ConfereciasId`, `Nome`, `DataIni`, `DataFim`, `Local`, `CategoriaId`, `AreaId`) VALUES ('57', 'ADIBS', '2015-10-05', '2015-10-08', 'Alagoas', '1', '2');
INSERT INTO `conferencias` (`ConfereciasId`, `Nome`, `DataIni`, `DataFim`, `Local`, `CategoriaId`, `AreaId`) VALUES ('58', 'ADMA', '2015-10-05', '2015-10-08', 'Alagoas', '1', '2');
INSERT INTO `conferencias` (`ConfereciasId`, `Nome`, `DataIni`, `DataFim`, `Local`, `CategoriaId`, `AreaId`) VALUES ('59', 'ADMI', '2015-10-05', '2015-10-08', 'Alagoas', '1', '2');
INSERT INTO `conferencias` (`ConfereciasId`, `Nome`, `DataIni`, `DataFim`, `Local`, `CategoriaId`, `AreaId`) VALUES ('60', 'ADPRL', '2015-10-05', '2015-10-08', 'Alagoas', '1', '2');
INSERT INTO `conferencias` (`ConfereciasId`, `Nome`, `DataIni`, `DataFim`, `Local`, `CategoriaId`, `AreaId`) VALUES ('61', 'BAIP', '2015-10-05', '2015-10-08', 'Alagoas', '1', '2');
INSERT INTO `conferencias` (`ConfereciasId`, `Nome`, `DataIni`, `DataFim`, `Local`, `CategoriaId`, `AreaId`) VALUES ('62', 'BASYS', '2015-10-05', '2015-10-08', 'Alagoas', '1', '2');
INSERT INTO `conferencias` (`ConfereciasId`, `Nome`, `DataIni`, `DataFim`, `Local`, `CategoriaId`, `AreaId`) VALUES ('63', 'BC', '2015-10-05', '2015-10-08', 'Alagoas', '1', '2');
INSERT INTO `conferencias` (`ConfereciasId`, `Nome`, `DataIni`, `DataFim`, `Local`, `CategoriaId`, `AreaId`) VALUES ('64', 'BCB', '2015-10-05', '2015-10-08', 'Alagoas', '1', '2');
INSERT INTO `conferencias` (`ConfereciasId`, `Nome`, `DataIni`, `DataFim`, `Local`, `CategoriaId`, `AreaId`) VALUES ('65', 'BDIM', '2015-10-05', '2015-10-08', 'Alagoas', '1', '2');
INSERT INTO `conferencias` (`ConfereciasId`, `Nome`, `DataIni`, `DataFim`, `Local`, `CategoriaId`, `AreaId`) VALUES ('66', 'BEA', '2015-10-05', '2015-10-08', 'Alagoas', '1', '2');
INSERT INTO `conferencias` (`ConfereciasId`, `Nome`, `DataIni`, `DataFim`, `Local`, `CategoriaId`, `AreaId`) VALUES ('67', 'BIBE', '2015-10-05', '2015-10-08', 'Alagoas', '1', '2');
INSERT INTO `conferencias` (`ConfereciasId`, `Nome`, `DataIni`, `DataFim`, `Local`, `CategoriaId`, `AreaId`) VALUES ('68', 'BIBM', '2015-10-05', '2015-10-08', 'Alagoas', '1', '2');
INSERT INTO `conferencias` (`ConfereciasId`, `Nome`, `DataIni`, `DataFim`, `Local`, `CategoriaId`, `AreaId`) VALUES ('69', 'BICA', '2015-10-05', '2015-10-08', 'Alagoas', '1', '2');
INSERT INTO `conferencias` (`ConfereciasId`, `Nome`, `DataIni`, `DataFim`, `Local`, `CategoriaId`, `AreaId`) VALUES ('70', 'BIOCOMP', '2015-10-05', '2015-10-08', 'Alagoas', '1', '2');
INSERT INTO `conferencias` (`ConfereciasId`, `Nome`, `DataIni`, `DataFim`, `Local`, `CategoriaId`, `AreaId`) VALUES ('71', 'BIODEVICES', '2015-10-05', '2015-10-08', 'Alagoas', '1', '2');
INSERT INTO `conferencias` (`ConfereciasId`, `Nome`, `DataIni`, `DataFim`, `Local`, `CategoriaId`, `AreaId`) VALUES ('72', 'BIR', '2015-10-05', '2015-10-08', 'Alagoas', '1', '2');
INSERT INTO `conferencias` (`ConfereciasId`, `Nome`, `DataIni`, `DataFim`, `Local`, `CategoriaId`, `AreaId`) VALUES ('73', 'BIRTE', '2015-10-05', '2015-10-08', 'Alagoas', '1', '2');
INSERT INTO `conferencias` (`ConfereciasId`, `Nome`, `DataIni`, `DataFim`, `Local`, `CategoriaId`, `AreaId`) VALUES ('74', 'TDC', '2015-10-05', '2015-10-08', 'Alagoas', '1', '2');
INSERT INTO `conferencias` (`ConfereciasId`, `Nome`, `DataIni`, `DataFim`, `Local`, `CategoriaId`, `AreaId`) VALUES ('75', 'SRUM GATHERING', '2015-10-05', '2015-10-08', 'Alagoas', '1', '2');
INSERT INTO `conferencias` (`ConfereciasId`, `Nome`, `DataIni`, `DataFim`, `Local`, `CategoriaId`, `AreaId`) VALUES ('76', 'TECH TALKS', '2015-10-05', '2015-10-08', 'Alagoas', '1', '2');

INSERT INTO `conferencias` (`ConfereciasId`, `Nome`, `DataIni`, `DataFim`, `Local`, `CategoriaId`, `AreaId`) VALUES ('77', '4º Congreso Iberoamericano de Medicina Familiar y Comunitaria', '2015-11-05', '2015-11-08', 'Comandatuba', '2', '4');
INSERT INTO `conferencias` (`ConfereciasId`, `Nome`, `DataIni`, `DataFim`, `Local`, `CategoriaId`, `AreaId`) VALUES ('78', '13º Congresso Brasileiro de Medicina de Família e Comunidade', '2015-11-05', '2015-11-08', 'Comandatuba', '2', '4');
INSERT INTO `conferencias` (`ConfereciasId`, `Nome`, `DataIni`, `DataFim`, `Local`, `CategoriaId`, `AreaId`) VALUES ('79', '21st WONCA World conference', '2015-11-05', '2015-11-08', 'Comandatuba', '2', '4');
INSERT INTO `conferencias` (`ConfereciasId`, `Nome`, `DataIni`, `DataFim`, `Local`, `CategoriaId`, `AreaId`) VALUES ('80', 'I SIMI', '2015-11-05', '2015-11-08', 'Comandatuba', '2', '4');
INSERT INTO `conferencias` (`ConfereciasId`, `Nome`, `DataIni`, `DataFim`, `Local`, `CategoriaId`, `AreaId`) VALUES ('81', 'SMR', '2015-11-05', '2015-11-08', 'Comandatuba', '2', '4');
INSERT INTO `conferencias` (`ConfereciasId`, `Nome`, `DataIni`, `DataFim`, `Local`, `CategoriaId`, `AreaId`) VALUES ('82', 'SMMT', '2015-11-05', '2015-11-08', 'Comandatuba', '2', '4');
INSERT INTO `conferencias` (`ConfereciasId`, `Nome`, `DataIni`, `DataFim`, `Local`, `CategoriaId`, `AreaId`) VALUES ('83', 'SIPAME', '2015-11-05', '2015-11-08', 'Comandatuba', '2', '4');
INSERT INTO `conferencias` (`ConfereciasId`, `Nome`, `DataIni`, `DataFim`, `Local`, `CategoriaId`, `AreaId`) VALUES ('84', 'FMM', '2015-11-05', '2015-11-08', 'Comandatuba', '2', '4');
INSERT INTO `conferencias` (`ConfereciasId`, `Nome`, `DataIni`, `DataFim`, `Local`, `CategoriaId`, `AreaId`) VALUES ('85', 'SCMGF', '2015-11-05', '2015-11-08', 'Comandatuba', '2', '4');

INSERT INTO `conferencias` (`ConfereciasId`, `Nome`, `DataIni`, `DataFim`, `Local`, `CategoriaId`, `AreaId`) VALUES ('86', 'SMVI', '2015-11-05', '2015-11-08', 'Comandatuba', '2', '3');

INSERT INTO `conferencias` (`ConfereciasId`, `Nome`, `DataIni`, `DataFim`, `Local`, `CategoriaId`, `AreaId`) VALUES ('87', 'SM', '2015-11-05', '2015-11-08', 'Comandatuba', '2', '4');
INSERT INTO `conferencias` (`ConfereciasId`, `Nome`, `DataIni`, `DataFim`, `Local`, `CategoriaId`, `AreaId`) VALUES ('88', 'SM UTI', '2015-11-05', '2015-11-08', 'Comandatuba', '2', '4');
INSERT INTO `conferencias` (`ConfereciasId`, `Nome`, `DataIni`, `DataFim`, `Local`, `CategoriaId`, `AreaId`) VALUES ('89', 'CBMI', '2015-11-05', '2015-11-08', 'Comandatuba', '2', '4');
INSERT INTO `conferencias` (`ConfereciasId`, `Nome`, `DataIni`, `DataFim`, `Local`, `CategoriaId`, `AreaId`) VALUES ('90', 'SML', '2015-11-05', '2015-11-08', 'Comandatuba', '2', '4');
INSERT INTO `conferencias` (`ConfereciasId`, `Nome`, `DataIni`, `DataFim`, `Local`, `CategoriaId`, `AreaId`) VALUES ('91', 'SMT', '2015-11-05', '2015-11-08', 'Comandatuba', '2', '4');
INSERT INTO `conferencias` (`ConfereciasId`, `Nome`, `DataIni`, `DataFim`, `Local`, `CategoriaId`, `AreaId`) VALUES ('92', 'SFM', '2015-11-05', '2015-11-08', 'Comandatuba', '2', '4');
INSERT INTO `conferencias` (`ConfereciasId`, `Nome`, `DataIni`, `DataFim`, `Local`, `CategoriaId`, `AreaId`) VALUES ('93', 'Cobem', '2015-11-05', '2015-11-08', 'Comandatuba', '2', '4');
INSERT INTO `conferencias` (`ConfereciasId`, `Nome`, `DataIni`, `DataFim`, `Local`, `CategoriaId`, `AreaId`) VALUES ('94', '10º Simpósio de Síndrome Metabólica do Hospital das Clínicas da FMUSP', '2015-11-05', '2015-11-08', 'Comandatuba', '2', '4');
INSERT INTO `conferencias` (`ConfereciasId`, `Nome`, `DataIni`, `DataFim`, `Local`, `CategoriaId`, `AreaId`) VALUES ('95', 'II CONGRESSO PAULISTA E I CONGRESSO BRASILEIRO DE URGÊNCIAS E EMERGÊNCIAS PEDIÁTRICAS', '2015-11-05', '2015-11-08', 'Comandatuba', '2', '4');
INSERT INTO `conferencias` (`ConfereciasId`, `Nome`, `DataIni`, `DataFim`, `Local`, `CategoriaId`, `AreaId`) VALUES ('96', 'XIX Congresso Sul - Brasileiro de Ortopedia e Traumatologia', '2015-11-05', '2015-11-08', 'Comandatuba', '2', '4');
INSERT INTO `conferencias` (`ConfereciasId`, `Nome`, `DataIni`, `DataFim`, `Local`, `CategoriaId`, `AreaId`) VALUES ('97', '17º CONGRESSO BRASILEIRO DE NEFROLOGIA PEDIÁTRICA', '2015-11-05', '2015-11-08', 'Comandatuba', '2', '4');
INSERT INTO `conferencias` (`ConfereciasId`, `Nome`, `DataIni`, `DataFim`, `Local`, `CategoriaId`, `AreaId`) VALUES ('98', '13º SIMPÓSIO BRASILEIRO DE VACINAS', '2015-11-05', '2015-11-08', 'Comandatuba', '2', '4');
INSERT INTO `conferencias` (`ConfereciasId`, `Nome`, `DataIni`, `DataFim`, `Local`, `CategoriaId`, `AreaId`) VALUES ('99', '11º Congresso Internacional de Câncer Gástrico', '2015-11-05', '2015-11-08', 'Comandatuba', '2', '4');
INSERT INTO `conferencias` (`ConfereciasId`, `Nome`, `DataIni`, `DataFim`, `Local`, `CategoriaId`, `AreaId`) VALUES ('100', '11º CONGRESSO BRASILEIRO PEDIÁTRICO DE ENDOCRINOLOGIA E METABOLOGIA', '2015-11-05', '2015-11-08', 'Comandatuba', '2', '4');
INSERT INTO `conferencias` (`ConfereciasId`, `Nome`, `DataIni`, `DataFim`, `Local`, `CategoriaId`, `AreaId`) VALUES ('101', '13º CONGRESSO BRASILEIRO ALERGIA E IMUNOLOGIA', '2015-11-05', '2015-11-08', 'Comandatuba', '2', '4');
INSERT INTO `conferencias` (`ConfereciasId`, `Nome`, `DataIni`, `DataFim`, `Local`, `CategoriaId`, `AreaId`) VALUES ('102', '13º Congresso Brasileiro de Medicina de Família e Comunidade', '2015-11-05', '2015-11-08', 'Comandatuba', '2', '4');
INSERT INTO `conferencias` (`ConfereciasId`, `Nome`, `DataIni`, `DataFim`, `Local`, `CategoriaId`, `AreaId`) VALUES ('103', 'XXXI Congresso Brasileiro de Cirurgia', '2015-11-05', '2015-11-08', 'Comandatuba', '2', '4');

/*SELECT * FROM areas;
SELECT * FROM categorias;
SELECT * FROM conferencias;
*/

